,ATAC_cell_id,dist
AAAGCAAGTTAACGGC-1_1,CGGTTTCTCAAGCTTA-1_2,0.0435630995921108
AAAGCCCGTCACAGAC-1_1,ACACTTGCAGGCTAAG-1_2,0.0764480874409806
AAAGGAGCACAGAAAC-1_1,CCCAATTGTGGGAACA-1_2,0.0252962704775932
AAAGGCTCAGGACACA-1_1,CTAATCGCATTGTGCA-1_2,0.0140172165738875
AAAGGTTAGGCGAAAC-1_1,ATGGCTGTCTTGAGCG-1_2,0.0404192337488347
AAAGGTTAGGTTACGT-1_1,TTGTAAGTCAGTTCCC-1_2,0.108380414923701
AACAAAGGTGTCCTGC-1_1,GCGGTTGGTTTATTCG-1_2,0.00803901622220035
AACAGCAAGCGCAATT-1_1,TGATCAATCCTCCCTC-1_2,0.0483616630170905
AACAGGATCATGCGTG-1_1,CTAAAGCTCGTCAAGT-1_2,0.0232584768026728
AACATCATCAGCATTA-1_1,TAACCTAAGAGGAGTC-1_2,0.0649505781423214
AACCTCCTCGCAATCG-1_1,CTAAAGCTCGTCAAGT-1_2,0.0239958298027665
AACCTCCTCTCATCAT-1_1,GTCATCCTCCTGATTT-1_2,0.0114859778472389
AACCTTGCAGTTTGTG-1_1,ACAGCCGGTGTCCAAA-1_2,0.0248907276607873
AACTAGTGTAATTAGC-1_1,TCAGTAGGTGTTTGTC-1_2,0.0446412962337314
AACTAGTGTTACGCAA-1_1,GCTCATTGTGCCGCAA-1_2,0.0149994259386752
AACTGTTCATCCCTCA-1_1,GCTTAGTAGGCGCTAC-1_2,0.0489825252608312
AAGAACAGTGTTTGCT-1_1,ATTCGTTTCGTTTCGC-1_2,0.0432876394125918
AAGAATCAGAGCCGGA-1_1,CTAATGTCAAACGGGC-1_2,0.0260620326966573
AAGCCACGTCATAACG-1_1,CCGCACACATGAGTTT-1_2,0.0343037621200618
AAGCCACGTTTCAGGA-1_1,TTTCCGGGTGAGCAAG-1_2,0.0323868937718196
AAGCCTGTCATTACTC-1_1,CCAACCAAGCTATTGA-1_2,0.10204987988285
AAGCCTGTCTTAGCCC-1_1,AGTGCACGTCAATGTG-1_2,0.0436286423277051
AAGCCTTAGGCCTTAG-1_1,CAGGAAGGTTGCACAA-1_2,0.0759219743861706
AAGCGAATCTAATCCT-1_1,CCTGAATAGCCGCAAC-1_2,0.0217898148317733
AAGCGGGTCAATGTCA-1_1,AGCAGGTAGTCACTAA-1_2,0.0485044642145693
AAGCGGGTCGCGCTAA-1_1,AATTAGCGTCATCCTG-1_2,0.0143724018187425
AAGCTCCCACAACAAA-1_1,TCGTGCTTCAGCTAAC-1_2,0.204970781119423
AAGTAGCCAAGTGAAC-1_1,AATCATCCACCAAAGG-1_2,0.0205529328492122
AAGTGCAAGAGAGCCG-1_1,TTGCGAGTCCGGTTAG-1_2,0.00304475846834361
AATAGCTGTGGAAGGC-1_1,GGTTTAATCGTCAAGT-1_2,0.0474247950594259
AATCATCCAAACTAAG-1_1,ACTGAAACAACTAGCC-1_2,0.0435290183325408
AATCATCCACCAAAGG-1_1,CCAACCCGTAGCTAGC-1_2,0.00271907350102473
AATCATCCAGCACGAA-1_1,TATCGCGAGGCTGGCT-1_2,0.0116201153364428
AATCATCCATTAAGCT-1_1,TGATCAATCCTCCCTC-1_2,0.0504703510275212
AATCATGTCTTTGACT-1_1,AGCGATTTCCGCAAGC-1_2,0.0286443385261378
AATCTCAAGCTATATG-1_1,ACCAATATCAGGTTTA-1_2,0.0332436122797588
AATCTTGAGAGAGGCT-1_1,TGCACACCAGAGGCTA-1_2,0.0786301586612798
AATCTTGAGCTCGCTT-1_1,CTAGGACGTAGCTGGT-1_2,0.0677389717992542
AATGAAGGTCATGCCC-1_1,GGCTATTAGGGACTAA-1_2,0.0411500991623358
AATGAAGGTGATCATG-1_1,CCCAAACCAATCCTAG-1_2,0.0235888819359372
AATGCATGTAGGATCC-1_1,GGACAGCCATACTCCT-1_2,0.0596225472386785
AATGCATGTTCGGGAT-1_1,GCAGGTTGTGCTGGTG-1_2,0.0272766926080295
AATTAGCGTCATCCTG-1_1,GAAGTATAGACTATTG-1_2,0.0300508198642536
AATTAGCGTTAGCAGC-1_1,AACTGTTCATCCCTCA-1_2,0.0713185064101612
AATTGCTCAAGATTCT-1_1,ATTGGTTCATTGCAGC-1_2,0.0527896200226425
AATTGCTCACAGACTC-1_1,CGAGGCAAGTTGGCCA-1_2,0.0252098437809375
AATTTCCTCATGAGCT-1_1,GCATTAGGTCATAAGT-1_2,0.0811595389228351
AATTTGCCAAGTTATC-1_1,AAAGGTTAGGCGAAAC-1_2,0.0265666255269201
ACAAACTGTAGGTTGC-1_1,ACCTTGTGTGTTTCAC-1_2,0.118099352145261
ACAAAGGTCCCTCACG-1_1,AGTGCACGTTGCACAA-1_2,0.0241745449520658
ACAAAGGTCGGTTCCT-1_1,CTTCTCAAGGCTTAGT-1_2,0.0766085612645098
ACAACAGAGCGCTCAA-1_1,TCACCTCAGGAGGTTA-1_2,0.0439438113712287
ACACAATGTTGAAGCC-1_1,GCAGGATAGTTTCCGC-1_2,0.0609865256665717
ACACCTTGTCGCAAAC-1_1,CTGACCAAGCAGCTCA-1_2,0.0357945076081597
ACACTAGGTCCACAAA-1_1,GTATTGATCCCATAAA-1_2,0.0242426880915461
ACACTAGGTGTAACCA-1_1,ACTTGCACAGGCTTGT-1_2,0.0596096977659173
ACACTTGCAGGCTAAG-1_1,CGGGCTTAGGATTGCT-1_2,0.167441845312679
ACAGCCGGTGTCCAAA-1_1,AATTGCTCACAGACTC-1_2,0.0331025876661903
ACATAGCTCCCTGACT-1_1,CGTAGCGGTCAGGCAT-1_2,0.0554109051325652
ACATAGCTCCTAAGAC-1_1,CGGGCTTAGGATTGCT-1_2,0.163339415976414
ACATCATCAATAGCCC-1_1,ATGGTGCGTATTGTCC-1_2,0.0282367151239694
ACATTGCAGACAGGTA-1_1,GTTTCTAGTGTGAGAG-1_2,0.0988853318344457
ACATTGCAGGCAAGTA-1_1,GTCCTCCCAGTTTACG-1_2,0.105293894731578
ACCAAGTTCATGCGTG-1_1,TCGTTATTCGGTTTGG-1_2,0.0349642804969645
ACCAATATCAGGTTTA-1_1,GTTAATGTCCTAGTTT-1_2,0.0388916953903279
ACCATTAAGCGAAGTA-1_1,GCAAGCCTCACGCCAA-1_2,0.0576377732531485
ACCCAACCATAATGAG-1_1,CGGTTTCTCAAGCTTA-1_2,0.0231624798366511
ACCCGTAAGGTGAAGC-1_1,CCATAAATCTGTGAGT-1_2,0.0533030005400554
ACCCTCCCACCGGTAT-1_1,ACCCTCCCACCGGTAT-1_2,0.0152002631851325
ACCGGCTAGGACCTGC-1_1,TCTCCTCGTTAATCGG-1_2,0.0203335108661565
ACCTAAGGTTCGGGAT-1_1,CAATGACTCGGTCATG-1_2,0.00920128150051392
ACCTCACTCATGGCTG-1_1,TAATTGCCAAGGTCCT-1_2,0.0753194552529775
ACCTGTTGTCGCAAAC-1_1,GAGTTTGGTGAGAAAC-1_2,0.0556592690096725
ACGACTTAGTTAGTGC-1_1,ACCTGTTGTCGCAAAC-1_2,0.0354654881315304
ACGCCACAGTAGCTTA-1_1,TGGTGATTCATGGTGT-1_2,0.0274069484691575
ACGCCTTTCCTAGTAA-1_1,CTTAAGGGTCATAGAT-1_2,0.113247331341434
ACGCTTGAGTTAGGCT-1_1,GGCGATACATAATCCG-1_2,0.0713041460977347
ACGGTTAGTGTCACGG-1_1,TAGCTTAAGAACAAGT-1_2,0.063127070529637
ACGTACCCATTAGGCC-1_1,GTGCTGGGTATTGTCC-1_2,0.039831103771735
ACGTTGTAGGACCGCT-1_1,GACTAATGTTTATCTG-1_2,0.0686910949273584
ACTAATCCAATAAGCA-1_1,ATAATGGCAGTACCGT-1_2,0.0293443251787044
ACTCACCTCAAGTGAG-1_1,ATTAGCGGTGTCCAGG-1_2,0.0463180742376152
ACTCCTCAGGCGGGTA-1_1,CGGGCTTAGGATTGCT-1_2,0.156437239103419
ACTCGCGCACTGACTA-1_1,ACTCGCGCACTGACTA-1_2,0.170284993878588
ACTCGCGCATAGACTT-1_1,CATTGCGAGCACAGCC-1_2,0.00503574467497923
ACTCGCTTCGATTTGA-1_1,TCGGTTCTCCCGTTTA-1_2,0.118054681883156
ACTGAAACAACTAGCC-1_1,GCTCATTGTGCCGCAA-1_2,0.0131034968560811
ACTTACTTCCATAAGC-1_1,ATGGCTGTCTTGAGCG-1_2,0.0271381714491321
ACTTAGTCAACCGCCA-1_1,GAAGGCTAGTTAGAGG-1_2,0.0372323419737683
ACTTGCACAATGAAGC-1_1,TCAAACCAGAACCTAC-1_2,0.013173300652532
ACTTGCACAGGCTTGT-1_1,TTTAAGCCATGTCAAT-1_2,0.0794869906439079
ACTTGCACAGGTTAAA-1_1,GATAATCGTTACTTCA-1_2,0.0579680255813969
ACTTGCACATGAATCT-1_1,TTTGTCTAGACAACAG-1_2,0.10861034582056
AGAACCGCAGGCGATA-1_1,CGTGCTGCAGTTAAAG-1_2,0.0370778837140422
AGACCCGGTATTGTCC-1_1,CAAACATGTACCGTAA-1_2,0.0200380673683502
AGACCCGGTTAATGCG-1_1,GAGTTTGGTCATGAGC-1_2,0.0721784683122432
AGATGAAGTTTAACCC-1_1,AAAGGCTCAGGACACA-1_2,0.00363356848803969
AGCAATACAATATACC-1_1,TATAGGTGTCTAACAG-1_2,0.0125763244111201
AGCAGGTAGTCACTAA-1_1,TTTAAGCCATGTCAAT-1_2,0.0611874095216132
AGCCAGTGTTTAGCGA-1_1,ATTCCTCCAAGGTGCA-1_2,0.0417688295333273
AGCCTCCGTAGCTGGT-1_1,CAGGACCTCCTGAGTG-1_2,0.0385115694618136
AGCCTCCGTCGCAAAC-1_1,CTAGGACGTAGCTGGT-1_2,0.113025592611935
AGCCTCCGTTACATCC-1_1,TTTCCACCAATAACCT-1_2,0.0137052185810611
AGCGATTTCCGCAAGC-1_1,TGTTACTTCGCCTAAG-1_2,0.0209096144279166
AGCTCATAGACTCGCA-1_1,GATCCGTCAGGCTAGA-1_2,0.00490557122116757
AGCTGCTCACAGCCTG-1_1,AGCTTGGTCGACCTGA-1_2,0.125405266266681
AGCTGCTCACATTAAC-1_1,TTGTGCCTCAGGAAGC-1_2,0.00481468583380163
AGCTTCCTCACTAAGC-1_1,AGCAATACAATATACC-1_2,0.0579965062230568
AGCTTGGTCGACCTGA-1_1,AGCTTGGTCGACCTGA-1_2,0.194290072399899
AGGATCCGTGAATCGC-1_1,AACTAGTGTAATTAGC-1_2,0.0324354320865487
AGGATGCAGAACCTGT-1_1,CGTCCTAGTCTATCGT-1_2,0.0302699526508401
AGGCAATCATTGACAT-1_1,GCAGGTTGTGCTGGTG-1_2,0.0520079148340014
AGGCCCAGTACCCACC-1_1,GTCATGCCACTAGCGT-1_2,0.111580568686813
AGGCTAAAGTCATGCG-1_1,ACACTTGCAGGCTAAG-1_2,0.18352233619805
AGGCTAAAGTTGCGTG-1_1,CAATAAGCAGCTTAGC-1_2,0.00900780439440481
AGGCTAGCAAACTAAG-1_1,AACCTCCTCGCAATCG-1_2,0.0227391956864976
AGGCTAGCATGGCCTG-1_1,GAAGTATAGACTATTG-1_2,0.0668443574925427
AGGTATTGTTAGTTGG-1_1,TGTTACTTCGCCTAAG-1_2,0.0219973968456662
AGGTCATTCCACCTTA-1_1,GTTGCCCGTTTCCTCC-1_2,0.0547119851520048
AGGTCTTAGCGAGCGA-1_1,TTATTGCTCTAAGTCA-1_2,0.0160161186727038
AGGTTGCGTGGGAACA-1_1,GGTGTCCAGCGTGCGT-1_2,0.0383158888830654
AGTAACACAAGCTTTG-1_1,CTTCATCCATAATGTC-1_2,0.0341277598860578
AGTAGCTTCAGGTCCA-1_1,AGCCTCCGTCGCAAAC-1_2,0.018787947422707
AGTATAGCAAACTAAG-1_1,CATTGCGAGCACTTGG-1_2,0.0298061190957744
AGTATAGCACACTAAT-1_1,TTTCCACCAATAACCT-1_2,0.179089754216248
AGTCAATGTGTTGCAA-1_1,CGCTCCATCTAAGGTC-1_2,0.0830685950454242
AGTCAGGCATAGCGGA-1_1,CGTACGGGTCGACTAA-1_2,0.0393686727865185
AGTCTTGCACTAAGCC-1_1,CAGGACCTCCTGAGTG-1_2,0.135819418360433
AGTGCACGTCAATGTG-1_1,AACCTTGCAGTTTGTG-1_2,0.0394378318908753
AGTGCACGTGCGCGTA-1_1,ATGTAAGCATGGCCTG-1_2,0.0389921872079503
AGTGCACGTTGCACAA-1_1,GGGTCACTCCTAAATG-1_2,0.0298848036361752
AGTGCCGGTATGGTGC-1_1,AATCATCCACCAAAGG-1_2,0.042087528952908
AGTGCCGGTGCGCATG-1_1,TTGGAGGCATCCCGCT-1_2,0.0411355941537077
AGTGCGGAGAGCAAGC-1_1,ATTGTCCGTGTGCAAC-1_2,0.0387391403238632
AGTGCGGAGCACAGCC-1_1,ACAAAGGTCGGTTCCT-1_2,0.0178991626669972
AGTGGACAGGGTCCAC-1_1,ACCATTAAGCGAAGTA-1_2,0.0470803116374247
AGTTGCGTCATGGCCA-1_1,CTGAATATCAAGCTTA-1_2,0.190777533411725
AGTTTGCAGATAGACG-1_1,ACACTTGCAGGCTAAG-1_2,0.125870109546928
ATAACGACATAGTCAT-1_1,TTTGTCTAGACAACAG-1_2,0.140412373138099
ATAAGCCTCTTAGGGT-1_1,TTCACTGTCCACCTGT-1_2,0.0208580243302808
ATAAGTCGTAGCCTCC-1_1,GCCTTTGGTAACAGGG-1_2,0.0342627602154473
ATAATGGCAGTACCGT-1_1,AGGTCATTCCACCTTA-1_2,0.0605506944854982
ATACCGGTCCTCAGCT-1_1,TTCAGGTAGCTTGCTC-1_2,0.185858989128235
ATACCGGTCGGTTACG-1_1,ATGTAAGCATGGCCTG-1_2,0.0304747236034082
ATATGCTCAATGAAGC-1_1,GGGTTATTCACAGCGC-1_2,0.0663427021709997
ATATGCTCAGGATTAA-1_1,TCGTGCTTCAGCTAAC-1_2,0.158579132234083
ATATGTCCACAAAGAC-1_1,CGCATATAGGTCTTGG-1_2,0.0460323612170555
ATCAATCCAGGAACAT-1_1,GTAGTTTCAAACTCAT-1_2,0.0234161738107803
ATCACAATCGCTATAA-1_1,GATGCATTCAAGCCTG-1_2,0.0156906095534185
ATCACCCTCGATTTGA-1_1,AAGTGCAAGAGAGCCG-1_2,0.0550224455287242
ATCAGGTTCCGCCTCA-1_1,ATGGCCCAGTCAGGCC-1_2,0.0375880217431033
ATCATCAAGACTTACA-1_1,GTCATCACATAAACCT-1_2,0.112243137172562
ATCATCAAGTAACGAG-1_1,ATCCTCATCCCTGATC-1_2,0.0339978524155881
ATCATGTCAACTGGGA-1_1,AAGTGCAAGAGAGCCG-1_2,0.103108441214296
ATCCACCTCGTGCTAG-1_1,TTCGTTAGTGGGAACA-1_2,0.0282678450987164
ATCCTCATCCCTGATC-1_1,CAGGACCTCCTGAGTG-1_2,0.190458017995945
ATCCTTAGTTTATTCG-1_1,GTATTGATCCCATAAA-1_2,0.0393473956709992
ATCGAGGCATTTAAGC-1_1,AGGATGCAGAACCTGT-1_2,0.00856775087252484
ATGACAACAATTGACT-1_1,TATGTGATCACATTGA-1_2,0.0299991022253539
ATGACTCAGGCCTGGT-1_1,CGCTCCATCGATATTG-1_2,0.0141191714526233
ATGCCTGAGCACAGCC-1_1,TGTTACTTCGCCTAAG-1_2,0.0329440466080786
ATGGACAAGTCGCTAG-1_1,CGGGCTTAGGATTGCT-1_2,0.0794383721591926
ATGGCCGGTAACAGGG-1_1,TGCATGAGTGCGCATG-1_2,0.0234319553179099
ATGGCCGGTGGTGAGA-1_1,CTTCAAGCACCAAAGG-1_2,0.00994983906088134
ATGGCTGTCTTGAGCG-1_1,GCCAATTAGGTCCTGA-1_2,0.0971720617458557
ATGGTGCGTATTGTCC-1_1,ACCTTGTGTGTTTCAC-1_2,0.0748523278663332
ATGTAAGCATGGCCTG-1_1,ATGCCTGAGCACAGCC-1_2,0.0531284212854292
ATGTCATCAATTAAGG-1_1,TAGGTTATCAGGCCTA-1_2,0.0413709151315038
ATGTCCACAGCAGGTA-1_1,TTTGCATTCTACTAAG-1_2,0.0750034345694503
ATTAACCCAACCTGGT-1_1,GCTCATTGTGCCGCAA-1_2,0.0240044119771902
ATTAACCCACATAGCC-1_1,CCTATTGTCAAGCTTA-1_2,0.123744936372023
ATTACCGCAAATACCT-1_1,GGAACTAAGGGTTATC-1_2,0.0451540934373582
ATTACCGCAGCGCTTG-1_1,CTACTAAAGTTATGTG-1_2,0.0354205707843088
ATTACGTCATAATCCG-1_1,GCGGTTGGTTTATTCG-1_2,0.00876697577242989
ATTAGCGGTGTCCAGG-1_1,ATTGGTTCATTGCAGC-1_2,0.0145348455576596
ATTAGCTCAAGGCCAA-1_1,CTTCTCAAGTAGCGGG-1_2,0.0504402940498773
ATTAGCTCATTATGGT-1_1,AACCGGCTCAGGCCTA-1_2,0.110146064250306
ATTATCCTCATTAGTG-1_1,AAGCTCCCACAACAAA-1_2,0.0990135942587577
ATTCCTCCAAGGTGCA-1_1,AAAGGTTAGGTTACGT-1_2,0.0434723058687576
ATTCCTCCATTCCTGT-1_1,TATTAGGTCGATAACC-1_2,0.0294342770838324
ATTCGTTTCGTTTCGC-1_1,AATCATCCAGCACGAA-1_2,0.0468341853863687
ATTCGTTTCTCGCCCA-1_1,GAAGTATAGACTATTG-1_2,0.039106437156269
ATTGACTCACGTAAGG-1_1,GCCAATTAGGTCCTGA-1_2,0.0483697936659549
ATTGCACAGCCATCAG-1_1,AGCTTGGTCGACCTGA-1_2,0.0871357175714634
ATTGCGCCAACGTGCT-1_1,GCCTGACAGATTGAGG-1_2,0.0262513180973287
ATTGCGCCATCGCTTT-1_1,ACTCCTCAGGCGGGTA-1_2,0.0745283381978613
ATTGGTTCATTGCAGC-1_1,GGGTGAAGTGTTGTGA-1_2,0.0612811401629298
ATTGTCCGTGTGCAAC-1_1,CCTTTAGTCTGTGCCT-1_2,0.0287378608191831
ATTGTGATCGTTACTT-1_1,ATCATCAAGTAACGAG-1_2,0.0657240269792154
ATTTGTGAGGACAACA-1_1,CTTGTCCAGTAGCCAT-1_2,0.0490534042959753
CAAACATGTACCGTAA-1_1,GAGTTTGGTCATGAGC-1_2,0.0783115721165959
CAAACCGTCTTAGTGA-1_1,TGGTTCTGTCACCAAA-1_2,0.0791969572305357
CAAACGCGTTTCGCGC-1_1,TACTGGCCATCGCTTT-1_2,0.00405871520633341
CAAAGCGCACCCACCT-1_1,CCGTTTGGTCCGTAGG-1_2,0.0408775343086253
CAAAGTGAGATGGAGC-1_1,TATTAGGTCGATAACC-1_2,0.0586962546239917
CAACAATGTCACAAAT-1_1,GAGTTACTCGGCCAGT-1_2,0.0869757509419358
CAACCCGCATATAACC-1_1,CCACACAAGTTATCCT-1_2,0.0229255447038962
CAAGACAAGGGCTTTG-1_1,CCGGTTAAGTTGTCCC-1_2,0.020843342919942
CAAGGCCTCCTAATTC-1_1,GCTCGATCAGGCATCT-1_2,0.0904291499060941
CAAGGCCTCTAGCGTG-1_1,GGCCTAATCATCCTCA-1_2,0.139874056384986
CAAGGCTGTTTAGCGA-1_1,ACTCCTCAGGCGGGTA-1_2,0.0361048571266877
CAAGGGAGTGGTTCCC-1_1,TCAGTAGGTGTTTGTC-1_2,0.0614825950739851
CAAGTAACATTGTGTG-1_1,ACCGGCTAGGACCTGC-1_2,0.0362630419736502
CAAGTATGTGGAGCAA-1_1,CAGGCTATCTTACTCG-1_2,0.0342833822480934
CAAGTGAAGGGCCACT-1_1,AATCATCCACCAAAGG-1_2,0.0446664743890044
CAATAAGCAGCTTAGC-1_1,AGTCAGGCATAGCGGA-1_2,0.0217465614273878
CAATATGTCCGCCAAA-1_1,TCACGGATCGGCTATG-1_2,0.0729806872188496
CAATCCCTCATGACCG-1_1,CGGGACAAGGCCTGGT-1_2,0.240330355663111
CAATGAACAAAGCTCC-1_1,CAATGACTCAAACCGT-1_2,0.0408804985746389
CAATGACTCAAACCGT-1_1,ATTAACCCAACCTGGT-1_2,0.0448417789048896
CAATGACTCGGTCATG-1_1,CATGCGCAGTCTTGAA-1_2,0.0536344827067083
CAATGTCAGTTAGGCT-1_1,AGCGATTTCCGCAAGC-1_2,0.00172529199231509
CACCTCAGTTTGCGAA-1_1,AGCTTGGTCGACCTGA-1_2,0.140809290400765
CAGCATTAGCCTTAAA-1_1,AGACCCGGTTAATGCG-1_2,0.092064895922808
CAGCCTAAGGTTTGAC-1_1,GGTATTTCAGACAAAC-1_2,0.0207749463637487
CAGCCTAAGTTTAACG-1_1,AGTAGCTTCAGGTCCA-1_2,0.0484998719531166
CAGGAAGGTAATGACT-1_1,TTAAGTGTCAGGCCTA-1_2,0.138700346113554
CAGGAAGGTACCCACC-1_1,GCGAAGCCAGGCTAGA-1_2,0.141826479576117
CAGGAAGGTGAACAAA-1_1,CTTAGTTTCCTAGTAA-1_2,0.0281382681947824
CAGGAAGGTTGCACAA-1_1,ATCACAATCGCTATAA-1_2,0.0191203620911023
CAGGACCTCATAACTG-1_1,CCGTTATGTGCAACTA-1_2,0.0273937432748495
CAGGACCTCCTGAGTG-1_1,AGCTTGGTCGACCTGA-1_2,0.124170434018972
CAGGCTATCTTACTCG-1_1,CCGTGCTGTAATCGCA-1_2,0.00767846021374573
CAGGCTGGTACGCGCA-1_1,CCTTGTTCATGCTTAG-1_2,0.022445220398083
CAGGGCTTCACGCGGT-1_1,CTCCAACTCGGTACGC-1_2,0.00799098043634967
CAGGTCCAGCTAATTG-1_1,GCTTAGTAGGCGCTAC-1_2,0.0581344705825302
CAGTATGGTCCGTAGG-1_1,GTTACGCCAGCCAGAA-1_2,0.0139694818376096
CATAGACTCCTCACTA-1_1,CTTAAGATCAAACCGT-1_2,0.00723213231094415
CATCATGCAAACGCGA-1_1,GGGTGAAGTGTTGTGA-1_2,0.0348955277333847
CATCCCAGTCTCAGCC-1_1,GGTATTTCACAAAGCG-1_2,0.0645155740154429
CATCCTCAGGAGCAAC-1_1,TGGATTCAGGACAATG-1_2,0.0251530401921386
CATGCATAGCTTCCCG-1_1,ATTCCTCCATTCCTGT-1_2,0.0306638022373266
CATGCGCAGGTCCGTA-1_1,CCAAGTTAGACAGGCG-1_2,0.0388062489395712
CATGCGCAGTCTTGAA-1_1,CGGTTGGGTCTAACAG-1_2,0.021055417254778
CATGCGGGTGGGAACA-1_1,TCAAACCAGAACCTAC-1_2,0.0736458421062104
CATTATGAGGCTACAT-1_1,ATCCACCTCGTGCTAG-1_2,0.0115973121271316
CATTGCGAGCACAGCC-1_1,ATGACAACAATTGACT-1_2,0.0140392492210238
CATTGCGAGCACTTGG-1_1,AAGTGCAAGAGAGCCG-1_2,0.0294333883047976
CATTTGTTCTAAATCG-1_1,ATCACAATCGCTATAA-1_2,0.00664620321884221
CCAAATCAGACCATAC-1_1,CGTGCTTTCCAGGAAA-1_2,0.0893184603361929
CCAACCAAGCAAGACA-1_1,TCTCCTCGTTAATCGG-1_2,0.0423983101837945
CCAACCAAGCTATTGA-1_1,ATTAACCCACATAGCC-1_2,0.0163331907377776
CCAACCCGTAGCTAGC-1_1,CTTATTGGTTAATGCG-1_2,0.0343265349852933
CCAACCCGTTGTGACA-1_1,AGTGCGGAGAGCAAGC-1_2,0.0437454650527505
CCAAGTTAGACAGGCG-1_1,AGGATGCAGAACCTGT-1_2,0.0348005582656674
CCACACAAGTTATCCT-1_1,ATCACAATCGCTATAA-1_2,0.0266832461078263
CCAGACTCATGTCAAT-1_1,TGTGTTAAGGCTGTGC-1_2,0.115179847819664
CCAGCTGCAGCTCATA-1_1,GATAATCGTTACTTCA-1_2,0.0277343031619353
CCAGGAACAGCCAGAA-1_1,TGCACTTGTTTCCACG-1_2,0.0435154881990978
CCAGTTTGTACTGATG-1_1,AGAATCTGTGCGCGTA-1_2,0.0315478128344271
CCATAAATCCCTCAAC-1_1,GGCGATACATAATCCG-1_2,0.046917582576165
CCATAAATCTGTGAGT-1_1,CTAGTCGAGCTTTGGG-1_2,0.316265327755675
CCATAAGGTCTATCGT-1_1,GTTACCTGTCTTGCAT-1_2,0.0170294762221193
CCATAGCCAGACAAAC-1_1,GTTGCCCGTTTCCTCC-1_2,0.00822764548273298
CCCAAACCAATCCTAG-1_1,TCAAGTATCTATTGTC-1_2,0.0881098905672054
CCCAAACCAATCTCTC-1_1,TAGACCAGTACCTTAC-1_2,0.0427637600059207
CCCAACCGTGAGCACT-1_1,ACTCGCGCACTGACTA-1_2,0.102374637928683
CCCAGTTTCATTCATC-1_1,ATGACTCAGGCCTGGT-1_2,0.128807676839807
CCCGCTTCAAACCCTA-1_1,TGGCTTTGTTGCAATG-1_2,0.0289346254881968
CCCGCTTCATCAGTAT-1_1,GATTCAGGTGAGGTAG-1_2,0.012798614039198
CCCGTAAAGGGCTTTG-1_1,GCCAATTAGGTCCTGA-1_2,0.162421712451642
CCCTCACCACAATACT-1_1,GGGCGAATCATGGCCA-1_2,0.0935462225211395
CCCTCAGTCGCACACA-1_1,GGCGATACATAATCCG-1_2,0.0591497848222909
CCCTCATAGTTCCCAC-1_1,CTGTACCTCGGGACTC-1_2,0.0361583516207289
CCCTGTTAGAGGGACT-1_1,GGTTGGTGTTGTAACG-1_2,0.0254074026376333
CCGATGCAGCGATAGA-1_1,CCTATTGTCAAGCTTA-1_2,0.0929883956439886
CCGCAAATCCCATAGG-1_1,CTTCTCAAGGCTTAGT-1_2,0.149290898884862
CCGCACACATGAGTTT-1_1,TGAACAACAGGTTATT-1_2,0.120190420980127
CCGGTTAAGTTGTCCC-1_1,GAGGAGGCAAGGGTTG-1_2,0.0552110944213503
CCGTGCTGTAATCGCA-1_1,GATAATCGTTACTTCA-1_2,0.00315151959241236
CCGTGCTGTCTTGCTG-1_1,AGTAGCTTCAGGTCCA-1_2,0.00289876249197091
CCGTTACTCGTTAAGC-1_1,GTAGCTGTCAGGCCTA-1_2,0.0112590508507867
CCGTTATGTGCAACTA-1_1,CCCAACCGTGAGCACT-1_2,0.00789380183001121
CCGTTTGGTCCGTAGG-1_1,CTAGTCGAGCTTTGGG-1_2,0.305009234417493
CCGTTTGGTTCACCAT-1_1,TTTAAGGTCCCTGGAA-1_2,0.0536718046747024
CCTAAGGTCTGGCATG-1_1,GTGTAACTCGGCTAGC-1_2,0.0330933013059626
CCTATTGTCAAGCTTA-1_1,CCTATTGTCAAGCTTA-1_2,0.144820732344439
CCTATTTAGGGTTAGA-1_1,GAGTTTGGTCATGAGC-1_2,0.0274805234053139
CCTCAAACACTGACTA-1_1,CTAGGACGTAGCTGGT-1_2,0.0990513746424444
CCTCAAACAGGATGGC-1_1,CATGCATAGCTTCCCG-1_2,0.00591058279247131
CCTCCTCTCGATTTGA-1_1,AGGCTAGCAAACTAAG-1_2,0.00367609287345134
CCTGAATAGCCGCAAC-1_1,TGCACACCAGAGGCTA-1_2,0.0406458942241026
CCTGATGAGCTTTGTT-1_1,TTGTAAGTCAGTTCCC-1_2,0.133312607486146
CCTGCTCCAGCATGTC-1_1,AATCTCAAGCTATATG-1_2,0.0461833546044931
CCTTCAGGTGTTTGTC-1_1,CGAAGCCTCTTAGCCC-1_2,0.0655929252890889
CCTTGTTCATGCTTAG-1_1,CCCAGCACAAACTAAG-1_2,0.0329963125841875
CCTTTAGTCTGTGCCT-1_1,TTGCATTTCTGTAATG-1_2,0.0279013895016925
CGAACAAAGTCATGCG-1_1,AGCTTGGTCGACCTGA-1_2,0.186219245692043
CGAAGAATCCGGTTAG-1_1,GCCTGACAGTCATGCG-1_2,0.0298301997311455
CGAAGCCTCCGCTAGA-1_1,CTCCAACTCGGTACGC-1_2,0.0280160369220988
CGAAGCCTCTTAGCCC-1_1,TCACGGATCGGCTATG-1_2,0.0785013199252437
CGAAGCGAGTTAGAGG-1_1,GCAGCTATCAGCACCA-1_2,0.0101095046097388
CGAAGTAAGCACGTTG-1_1,CGTAGCGGTGCTAGAC-1_2,0.0297336740677345
CGACCTGCACCTCAGG-1_1,AGTCTTGCACCGGCTA-1_2,0.0307952204040867
CGAGGAAGTAAGCTCA-1_1,ATGCCTGAGCACAGCC-1_2,0.0821420899726501
CGAGGCAAGTAACGAG-1_1,ACCAAGTTCATGCGTG-1_2,0.0208215787593685
CGAGGCAAGTTGGCCA-1_1,CTAATTGAGGATGATG-1_2,0.0317373169161567
CGATTATCAAGGCCAA-1_1,TACTGAGGTGAGCGAA-1_2,0.0148541671657686
CGCACACAGGAGGCAT-1_1,CGGGCTTAGGATTGCT-1_2,0.274546081617534
CGCATATAGCTGGACC-1_1,ATTGTCCGTGTGCAAC-1_2,0.0541210108271075
CGCATATAGGTCTTGG-1_1,AATTGCTCAAGATTCT-1_2,0.0456444730200127
CGCATGATCCATCAGG-1_1,GCTGTGCAGTTTGCGG-1_2,0.0788393801173127
CGCATTACATGTGGGA-1_1,AGCGATTTCCGCAAGC-1_2,0.0141676350453062
CGCCAAATCCTTGTTG-1_1,CGAAGCCTCTTAGCCC-1_2,0.0256170558345201
CGCCACACACTTAACG-1_1,GTCATCACATAAACCT-1_2,0.0647786335593746
CGCCTCATCGCATTAA-1_1,GCAAGCCTCACGCCAA-1_2,0.0755155285652298
CGCGGATTCAATACGC-1_1,AGCTTGGTCGACCTGA-1_2,0.149999649844221
CGCTACTTCTAACCAA-1_1,GTTCTCATCCATAAGC-1_2,0.069504864330441
CGCTATGAGACTTATG-1_1,TTTCTCACAGGTTTGC-1_2,0.0148709552672741
CGCTCCATCGATATTG-1_1,AAAGGAGCACAGAAAC-1_2,0.009655171445261
CGCTCCATCTAAGGTC-1_1,GTCCTCCCAAGGAATC-1_2,0.00529130134747224
CGCTTAACAGCCGCTA-1_1,CTTCAATTCCTAGTAA-1_2,0.0274869689424543
CGGAATCGTCTATCGT-1_1,GAGGAGGCAGAGGCTA-1_2,0.0271114178105917
CGGAGCAAGGGCCACT-1_1,CGAAGTAAGCACGTTG-1_2,0.0295896250791363
CGGCCATAGGGACTAA-1_1,TTGGAGGCATCCCGCT-1_2,0.0957330147033761
CGGGACAAGGCCTGGT-1_1,CGGGCTTAGGATTGCT-1_2,0.0181503760047772
CGGGCTTAGGATTGCT-1_1,CGCCTCATCGCATTAA-1_2,0.0272440540469867
CGGTAACGTCATTGTC-1_1,GCTAGCTCATGTCAAT-1_2,0.0179152543513281
CGGTTGGGTCTAACAG-1_1,TCTGTGACATAGTCAT-1_2,0.0163128942877847
CGGTTTCTCAAGCTTA-1_1,CCAGGAACAGCCAGAA-1_2,0.0472998774880058
CGTAGCGGTCAGGCAT-1_1,TGTTGTTTCCGTCCAT-1_2,0.015367464439235
CGTAGCGGTGCTAGAC-1_1,CTAGGACGTAGCTGGT-1_2,0.0357291759890499
CGTCAATAGCCTGATG-1_1,GCGCCTTGTTACCGGG-1_2,0.0801926348239565
CGTCCTAGTCTATCGT-1_1,TTGAGCTAGGAAGCAC-1_2,0.00979691666519377
CGTGCTGCAGCAACCT-1_1,GAGTTTGGTGAGAAAC-1_2,0.0221659071187372
CGTGCTGCAGCTTACA-1_1,GCGTAACGTCCAAATG-1_2,0.086767692834606
CGTGCTGCAGTTAAAG-1_1,CCTCAAACAGGATGGC-1_2,0.164767293306932
CGTGCTTTCCAGGAAA-1_1,TTGCACACATGAAATG-1_2,0.0431104582064402
CGTTAAATCCTTGTTG-1_1,TCGCGAGGTCAATAGT-1_2,0.121120752773701
CGTTGCGCAAAGCGGC-1_1,AAGAACAGTGTTTGCT-1_2,0.0083615906560104
CGTTGCGCAACAACAA-1_1,CCAAGTTAGACAGGCG-1_2,0.0432797463005436
CGTTTGGAGAGGAAGG-1_1,CCATAAATCTGTGAGT-1_2,0.0716838681897349
CGTTTGGAGGATTGCT-1_1,ATTGCGCCATCGCTTT-1_2,0.0109383868044121
CTAAAGCTCGTCAAGT-1_1,GGGTGAAGTGTTGTGA-1_2,0.00487921655600619
CTAAAGCTCTCGCCTG-1_1,ACCTTGTGTGTTTCAC-1_2,0.10950824093725
CTAACCCTCATGACCG-1_1,GGACAGCCATACTCCT-1_2,0.0288530746573123
CTAACCTGTACCAGGT-1_1,TAGCTTAAGAACAAGT-1_2,0.0440097623520434
CTAATCGCATTGTGCA-1_1,TTCGGTACATAAGCAA-1_2,0.0201544748528815
CTAATGTCAAACGGGC-1_1,ATGCCTGAGCACAGCC-1_2,0.0168059380641337
CTAATTGAGGATGATG-1_1,GCAGGTTGTGCTGGTG-1_2,0.0424696239477019
CTACTAAAGCTTAACA-1_1,CAAAGCGCACCCACCT-1_2,0.043664344349917
CTACTAAAGTTATGTG-1_1,TCCCGTTAGGACAATG-1_2,0.0269644414887476
CTAGCGGGTGATCAGC-1_1,GGCGATACATAATCCG-1_2,0.0574439819149048
CTAGCTGAGACAGGCG-1_1,CTTCTCAAGGCTTAGT-1_2,0.109375216208997
CTAGCTTGTGCTAGAC-1_1,CGAAGCCTCCGCTAGA-1_2,0.00137040090686864
CTAGCTTGTGTGTCCC-1_1,TATGAAGCATAACGGG-1_2,0.141322456576129
CTAGGACGTAGCTGGT-1_1,CGGGCTTAGGATTGCT-1_2,0.179797248922481
CTAGTCGAGCTTTGGG-1_1,GTGTAACTCGGCTAGC-1_2,0.112218793140922
CTAGTGAGTTAGCAGC-1_1,TTGGAGGCATCCCGCT-1_2,0.0360498137535679
CTAGTTGCATTAGCCA-1_1,CAATGTCAGTTAGGCT-1_2,0.0363845090386616
CTATGACAGGATTGAG-1_1,CCTATTGTCAAGCTTA-1_2,0.0547080060157524
CTATGACAGTGCACGC-1_1,GCGATTAGTAGTAAGA-1_2,0.0125514998650083
CTATTACTCCTCCATA-1_1,CCGATGCAGCGATAGA-1_2,0.0201663879000635
CTCACAACATATTGAC-1_1,AATTTGCCAAGTTATC-1_2,0.0442585287208953
CTCACACTCGCTAGCA-1_1,TTTCCACCAGCAAGTG-1_2,0.0337463527424728
CTCACACTCTTGGATA-1_1,ATCGAGGCATTTAAGC-1_2,0.0157829058879092
CTCATTGTCCTCCTAA-1_1,TATGGCCCATAAGTTC-1_2,0.0467005361737136
CTCCAACTCGGTACGC-1_1,CCAGGAACAGCCAGAA-1_2,0.0588723776676494
CTCCATCAGAGAGGCT-1_1,GCCTGACAGATGGACA-1_2,0.0130840404008954
CTCCATCAGCTTATGA-1_1,GAGCGGTCACTTCATC-1_2,0.0114518494240987
CTCCTAATCCAATTAG-1_1,TTACCTGTCCGTGACA-1_2,0.0430443470158913
CTCCTAATCTCGCCCA-1_1,CAGGACCTCCTGAGTG-1_2,0.0160485300236512
CTCGTTATCAGGTCCA-1_1,CGTTTGGAGAGGAAGG-1_2,0.0130662894424292
CTCTATGTCCAAATCA-1_1,GCGAAGCCAGGCTAGA-1_2,0.0768912870670673
CTCTCACAGCGATAAG-1_1,GCATTAGGTCATAAGT-1_2,0.13987163764631
CTCTTGATCAGGGCCT-1_1,GCAGCTATCAGCACCA-1_2,0.0234568078530889
CTGAATATCAAGCTTA-1_1,CTGAATATCAAGCTTA-1_2,0.15164138293745
CTGACATAGGACCGCT-1_1,ATTACCGCAAATACCT-1_2,0.00319007765174724
CTGACCAAGCAGCTCA-1_1,CAGGACCTCATAACTG-1_2,0.00920651117090094
CTGGATGTCACGCCAA-1_1,TGATCAATCCTCCCTC-1_2,0.00695916417499372
CTGGATGTCTCCTCTT-1_1,TTTCATCAGCGATACT-1_2,0.0593978347661645
CTGGCTAAGGTTAGAG-1_1,TGTGGAGCAATGAAGC-1_2,0.0305156323177128
CTGGTAAGTCCTTTAA-1_1,CTGGATGTCACGCCAA-1_2,0.0189337085709589
CTGTACCTCGGGACTC-1_1,GTCATCACATAAACCT-1_2,0.0767833275378408
CTGTTTAGTACCGAAC-1_1,AACTAGTGTTACGCAA-1_2,0.0411927529427173
CTTAAGATCAAACCGT-1_1,GTTCGCTTCACGCATG-1_2,0.0420324994686145
CTTAAGGGTCATAGAT-1_1,TCAAACCAGAACCTAC-1_2,0.0166490846943714
CTTACCGGTAGGATTT-1_1,CCCAATTGTGGGAACA-1_2,0.0105842042890561
CTTACCGGTTGGATCA-1_1,GTGATGAAGACCATAC-1_2,0.00469087837008594
CTTACTAGTATACTGG-1_1,CCACACAAGTTATCCT-1_2,0.058445250642676
CTTAGTTTCCTAGTAA-1_1,AATTTCCTCATGAGCT-1_2,0.0753105219990818
CTTATGTTCATTGCGG-1_1,CGAAGCCTCTTAGCCC-1_2,0.0758017576357463
CTTATTGGTTAATGCG-1_1,AAGAACAGTGTTTGCT-1_2,0.0456051235952167
CTTCAAGCACCAAAGG-1_1,CTTCAAGCACCAAAGG-1_2,0.0152886028494225
CTTCAAGCAGAAATTG-1_1,AGAGGATGTGTGCACG-1_2,0.0222040142763739
CTTCAATTCCTAGTAA-1_1,AAAGGTTAGGCGAAAC-1_2,0.0230921938792096
CTTCATCCATAATGTC-1_1,CAAACATGTACCGTAA-1_2,0.0496412546627837
CTTCTCAAGGCTTAGT-1_1,AGATGAAGTTTAACCC-1_2,0.0329044790808061
CTTCTCAAGTAGCGGG-1_1,ACGTTGTAGGACCGCT-1_2,0.0936199476445208
CTTGCAACAACGTGCT-1_1,ATTTGTGAGGACAACA-1_2,0.0786212327454931
CTTGCGCGTCATAACG-1_1,GTGCCTTTCACAGACT-1_2,0.0337353371849148
CTTGTAAAGAGGAGTC-1_1,AGCTTGGTCGACCTGA-1_2,0.14668929777849
CTTGTCCAGTAGCCAT-1_1,CAAGGGAGTGGTTCCC-1_2,0.0286414438846314
CTTTAGGCATGAGTTT-1_1,TCGCGAGGTCAATAGT-1_2,0.104746746448765
CTTTCTTGTAGTTAAC-1_1,CGTGCTGCAGCAACCT-1_2,0.0556214631137958
CTTTGAGCACAACAAA-1_1,GGTGAGCCAGGTTATT-1_2,0.0937851691671707
CTTTGGGAGAAGCTAG-1_1,CAAAGCGCACCCACCT-1_2,0.0379926590792026
CTTTGGGAGGAGGCAT-1_1,GCAACAGCACTAAGTT-1_2,0.0282440463555624
GAACACAAGAGAAGGG-1_1,ATCATGTCAACTGGGA-1_2,0.0767337894107944
GAACCGCTCATGGTGT-1_1,GCGTAACGTCCAAATG-1_2,0.0556773200912786
GAACTTATCAAGACTC-1_1,TTTCCGGGTGAGCAAG-1_2,0.0398752247284546
GAAGGCTAGTTAGAGG-1_1,TGAGTGAAGACAGGCG-1_2,0.0332472876533887
GAAGTATAGACTATTG-1_1,AGGCCCAGTACCCACC-1_2,0.0391948140051562
GAAGTCAAGCACTTGG-1_1,GCAGCTATCATTATGG-1_2,0.006195854752075
GACCTCAAGCAGGTTT-1_1,TGAACAACAGGCTTGT-1_2,0.0925181201755917
GACCTGATCGTTACTT-1_1,CCAGTTTGTACTGATG-1_2,0.0284765543068537
GACTAATGTTTATCTG-1_1,TGATCGAGTATTCGTC-1_2,0.0495423934338034
GACTTAGGTATCTGGA-1_1,CCAAGTTAGACAGGCG-1_2,0.0545770348580224
GACTTGGTCCGGCTAA-1_1,AGTCAATGTGTTGCAA-1_2,0.0135079819419918
GAGCGATAGGTGTCCA-1_1,CCAACCCGTAGCTAGC-1_2,0.0216221207467481
GAGCGGTCACCCACCT-1_1,ATTGGTTCATTGCAGC-1_2,0.0152730532392106
GAGCGGTCACTTAACG-1_1,ATCGAGGCATTTAAGC-1_2,0.0335551374257061
GAGCGGTCACTTCATC-1_1,GTCATGCCACTAGCGT-1_2,0.115768084685745
GAGCTAGCATGTCGCG-1_1,TTTACGAAGTGAACGA-1_2,0.0102966781738768
GAGCTTGTCTCGCCCA-1_1,AGTAACACAAGCTTTG-1_2,0.0499046508176302
GAGGAGGCAGAGGCTA-1_1,CGGGACAAGGCCTGGT-1_2,0.203343512908534
GAGGAGGCATCCATCT-1_1,ATGACAACAATTGACT-1_2,0.0199637185252761
GAGTATCTCGGCTATG-1_1,AATAGCTGTGGAAGGC-1_2,0.0109133211334053
GAGTCAAAGGAATAAC-1_1,CTTGACGAGCCTAACG-1_2,0.0586450672456019
GAGTTACTCGGCCAGT-1_1,TCAAGTATCTATTGTC-1_2,0.0604557768498722
GAGTTGCGTTAATCGG-1_1,GGTATTTCACAAAGCG-1_2,0.0242595823739855
GAGTTTGGTCATGAGC-1_1,AATCATCCAGCACGAA-1_2,0.0501181417737629
GAGTTTGGTGAGAAAC-1_1,GCCTGACAGATGGACA-1_2,0.100978158462161
GAGTTTGGTTTGAGGC-1_1,GTGCTGGGTATTGTCC-1_2,0.0479436245723932
GATAAGCCAAGGACCA-1_1,CATCATGCAAACGCGA-1_2,0.0504110954230026
GATAAGCCACCTAAGC-1_1,AGTCAATGTGTTGCAA-1_2,0.0454432992012572
GATAATCGTTACTTCA-1_1,GTACCGGGTTCACCCA-1_2,0.0385030541663552
GATAGACCAGGCCTTG-1_1,CAGCCTAAGTTTAACG-1_2,0.0393328007035644
GATCAAGAGCTCCTAC-1_1,GTGCAAGCAGGATGGC-1_2,0.0386303719285781
GATCAGGCAGGCAAGC-1_1,AATTAGCGTCATCCTG-1_2,0.028602921464782
GATCCGTCAGGCTAGA-1_1,CGGGCTTAGGATTGCT-1_2,0.336210132583464
GATGAGGGTGTGTGGT-1_1,CATCATGCAAACGCGA-1_2,0.0326762580408386
GATGAGGGTTAATGCG-1_1,ATATGCTCAATGAAGC-1_2,0.0374480835993573
GATGCATTCAAGCCTG-1_1,GATAAGCCAAGGACCA-1_2,0.0135476665566531
GATGCGACATCCATCT-1_1,ACGCTTGAGTTAGGCT-1_2,0.0220870870601789
GATGGCTGTATTACCC-1_1,TAGGTTATCAGGCCTA-1_2,0.0781529658202714
GATGGCTGTATTGTGG-1_1,GATGGCTGTATTGTGG-1_2,0.0138009251820296
GATTACTCAACAACAA-1_1,CCCAAACCAATCCTAG-1_2,0.00683913946137708
GATTACTCATTGCAGC-1_1,TGCTTGCTCATGAGCT-1_2,0.0249044514677908
GATTAGCTCGGTCATG-1_1,ATCGAGGCATTTAAGC-1_2,0.0164069719534457
GATTAGTGTACCGGAT-1_1,TCGGTTCTCCCGTTTA-1_2,0.044327640771283
GATTATGTCATTAGGC-1_1,CGCCTCATCGCATTAA-1_2,0.0528726926078193
GATTCAGGTGAGGTAG-1_1,GCGGTTGGTTTATTCG-1_2,0.0166712561918317
GATTCCTGTTGGATCA-1_1,AACTGTTCATCCCTCA-1_2,0.0106456291929167
GATTGCAGTGGAGCAA-1_1,CGTGCTTTCCAGGAAA-1_2,0.310431131992165
GATTGTTCATTGACAT-1_1,TAGGTTATCAGGCCTA-1_2,0.0522705597899604
GCAAACCGTCAGGCCA-1_1,TTGATGTCACTATGGC-1_2,0.0332444250417378
GCAACAGCACTAAGTT-1_1,CAGGACCTCCTGAGTG-1_2,0.189539952953325
GCAAGCCTCACGCCAA-1_1,GGGAATATCAAACCTA-1_2,0.173906101113297
GCAATGTTCAGCACCA-1_1,TGTTCCTCAGAGAGCC-1_2,0.0414032052901815
GCACTTACAGCAGGTA-1_1,ATATGCTCAATGAAGC-1_2,0.0379725969791901
GCACTTACATAAAGCA-1_1,CAATGTCAGTTAGGCT-1_2,0.0121098353501178
GCAGCTATCAGCACCA-1_1,TTAACTGAGACAAAGT-1_2,0.0665871743072878
GCAGCTATCATTATGG-1_1,CTTATGTTCATTGCGG-1_2,0.0295742525300171
GCAGGACCATAGCTTG-1_1,AGCTTGGTCGACCTGA-1_2,0.0931955780306697
GCAGGATAGTTTCCGC-1_1,CGGGCTTAGGATTGCT-1_2,0.120620786663967
GCAGGTTGTCACAAAT-1_1,CGTCAATAGCCTGATG-1_2,0.0223529271819308
GCAGGTTGTGCTGGTG-1_1,CGGTTGGGTCTAACAG-1_2,0.0353024851329438
GCATGAAAGTCACTCC-1_1,GAGGAGGCAAGGGTTG-1_2,0.0554002790390103
GCATTAGGTCATAAGT-1_1,TAGCCGGGTTTAGCGA-1_2,0.0237447139734197
GCATTAGGTTAGGTTG-1_1,CTAGCTTGTGTGTCCC-1_2,0.066612858512249
GCATTGCCAGGCAAGC-1_1,CAAGGGAGTGGTTCCC-1_2,0.0318062808069417
GCCAATAGTGCTCACC-1_1,CCCGCTTCAAACCCTA-1_2,0.0509567758244477
GCCAATTAGGTCCTGA-1_1,TCGTGCTTCAGCTAAC-1_2,0.204593658644059
GCCACACAGGGATGCG-1_1,AGTTGCGTCATGGCCA-1_2,0.0485704816773918
GCCACTAAGGCGCACT-1_1,AGATGAAGTTTAACCC-1_2,0.073052726994685
GCCACTAAGTCATTTC-1_1,GCGTAACGTCCAAATG-1_2,0.0704430328841785
GCCAGGAAGCCTTAAA-1_1,CTGACCAAGCAGCTCA-1_2,0.0269615318350112
GCCATGATCAAGGACA-1_1,ATGGACAAGTCGCTAG-1_2,0.0204529563807252
GCCTACTTCCGCAACA-1_1,TGTTACTTCGCCTAAG-1_2,0.0338433092969125
GCCTGACAGATGGACA-1_1,AGATGAAGTTTAACCC-1_2,0.0510914252907082
GCCTGACAGATTGAGG-1_1,GTTACGTAGCGAAGTA-1_2,0.068630035832494
GCCTGACAGCTATGAC-1_1,CTGGATGTCACGCCAA-1_2,0.00616170751226917
GCCTGACAGTCATGCG-1_1,TAATGGTGTATGGTGC-1_2,0.0272786721469342
GCCTGCTGTTCACTGT-1_1,ATCGAGGCATTTAAGC-1_2,0.0215549797172662
GCCTTAGAGGACCTGC-1_1,CAGGACCTCCTGAGTG-1_2,0.0215740696965808
GCCTTGCGTTCCTGAT-1_1,GCAGGTTGTGCTGGTG-1_2,0.0153714357982231
GCCTTTGGTAACAGGG-1_1,ATCGAGGCATTTAAGC-1_2,0.0308656214056135
GCGAAGCCAGGCTAGA-1_1,TGTAACTCACTTGTTC-1_2,0.0874776555127482
GCGATTAGTAGTAAGA-1_1,ATCATCAAGTAACGAG-1_2,0.0183082942085576
GCGATTTAGCATGGTT-1_1,TTGCATTTCTGTAATG-1_2,0.0139275515609478
GCGCCTTGTTACCGGG-1_1,TAGTAGGAGGCTACAT-1_2,0.0148007659544538
GCGCGATTCCTCCCTC-1_1,CGAACAAAGTCATGCG-1_2,0.0123520945606396
GCGGTTGGTTTATTCG-1_1,TGGCTTTGTTGCAATG-1_2,0.0295828097289385
GCGTAACGTCCAAATG-1_1,GCGTAACGTCCAAATG-1_2,0.103867216733389
GCTAGCTCATGTCAAT-1_1,CCAGGAACAGCCAGAA-1_2,0.0526329387306252
GCTATCCTCCAGGTTG-1_1,AGCTTGGTCGACCTGA-1_2,0.169630833091955
GCTCACAAGTGTGATC-1_1,TAGCTTAAGAACAAGT-1_2,0.0314735288733756
GCTCACAAGTTATGTG-1_1,AGCTTGGTCGACCTGA-1_2,0.169262043925301
GCTCATTGTGCCGCAA-1_1,AGCTTGGTCGACCTGA-1_2,0.192209559850964
GCTCGATCAGGCATCT-1_1,TATCGCACAGCACGTT-1_2,0.0550422506903349
GCTGCATCACTTCACT-1_1,ATGCCTGAGCACAGCC-1_2,0.0340787853002012
GCTGGTTCATAAACCT-1_1,TTGCGTCTCCTGCGAA-1_2,0.00475586766338171
GCTGGTTCATGAATCT-1_1,CTAGCTGAGACAGGCG-1_2,0.0340782406331405
GCTGTGCAGGGCTTTG-1_1,CAGGACCTCCTGAGTG-1_2,0.167724729205172
GCTGTGCAGTTTGCGG-1_1,ACCGGCTAGGACCTGC-1_2,0.0376253499341474
GCTTAACAGGTGAAGC-1_1,GAGCGGTCACTTAACG-1_2,0.0198788377211614
GCTTAGTAGAGAGGCT-1_1,CTAGCGGGTGATCAGC-1_2,0.0297019549177585
GCTTAGTAGGCGCTAC-1_1,ATTATCCTCATTAGTG-1_2,0.0160888401689521
GCTTGTTGTTCTTTAG-1_1,TTTCCACCAGCAAGTG-1_2,0.0342825022965678
GCTTTACGTTTCCGGC-1_1,AACTAGTGTTACGCAA-1_2,0.0703609186076809
GGAACTAAGGGTTATC-1_1,CGAGGCAAGTAACGAG-1_2,0.121955167070705
GGACAGCCACTGACCG-1_1,ATTCCTCCAAGGTGCA-1_2,0.0356004692767865
GGACAGCCATACTCCT-1_1,CCTATTGTCAAGCTTA-1_2,0.136163482798376
GGACGGATCCAATTAG-1_1,TGTAACTCATGTGGGA-1_2,0.0397644057923111
GGACTAAAGGAACACA-1_1,ACGCCACAGTAGCTTA-1_2,0.0658662478267972
GGATAACCAGATTCAT-1_1,TTTGCATTCTACTAAG-1_2,0.0102277601493571
GGATTCAGTTTAGCGA-1_1,GGGAATATCAAACCTA-1_2,0.051053553616171
GGCCTAATCATCCTCA-1_1,CCAACCAAGCTATTGA-1_2,0.142303674141933
GGCGATACAAGCGAGC-1_1,AGCAGGTAGTCACTAA-1_2,0.0558908984755504
GGCGATACATAATCCG-1_1,ACTGAAACAACTAGCC-1_2,0.0256267547267053
GGCGCTAGTGGACATC-1_1,CATTGCGAGCACTTGG-1_2,0.019251725383192
GGCTATTAGGGACTAA-1_1,ATTCCTCCAAGGTGCA-1_2,0.0985918343062548
GGCTCAATCGCAACAT-1_1,TGTGGAGCAATGAAGC-1_2,0.0341171508867847
GGCTCACAGTAACCCG-1_1,GAGTTACTCGGCCAGT-1_2,0.109541640087896
GGGAATATCAAACCTA-1_1,AGCTTGGTCGACCTGA-1_2,0.100129969308185
GGGAATATCTTAATGG-1_1,ATTGTGATCGTTACTT-1_2,0.00302196030549214
GGGATTAAGACAAAGT-1_1,TCATTACTCCCTCACG-1_2,0.146482494943793
GGGCATGAGTAGCTTA-1_1,GCGTAACGTCCAAATG-1_2,0.0281298679116122
GGGCGAATCATGGCCA-1_1,GATTATGTCATTAGGC-1_2,0.0287231963294646
GGGTCACTCCTAAATG-1_1,AGGTATTGTTAGTTGG-1_2,0.0249366000657942
GGGTTATTCACAGCGC-1_1,TCGCGAGGTCAATAGT-1_2,0.0959002840557423
GGGTTATTCTTTAGGA-1_1,CCGTGCTGTCTTGCTG-1_2,0.0634194292811129
GGGTTTCCAGTAGGTG-1_1,ATAATGGCAGTACCGT-1_2,0.277455451514676
GGGTTTGTCTAGCTAA-1_1,CAGGAAGGTAATGACT-1_2,0.121844316292066
GGTACCGGTAGGTTGC-1_1,CATCATGCAAACGCGA-1_2,0.0481166435389479
GGTACTAGTACCAGGT-1_1,TAAACAGCACTTCACT-1_2,0.0193689771061641
GGTACTAGTGAGGTGA-1_1,GTTCGCTTCACGCATG-1_2,0.0373326022646818
GGTATTGGTGATGAAA-1_1,TCACGGATCGGCTATG-1_2,0.0661273936571989
GGTATTTCACAAAGCG-1_1,TCAAGTATCTATTGTC-1_2,0.079176193012346
GGTATTTCAGACAAAC-1_1,TGAACAACAGGCTTGT-1_2,0.0765692244021065
GGTCAAGCAGCTTACA-1_1,GCAGGATAGTTTCCGC-1_2,0.0521450714615367
GGTCGGTTCAAACCGT-1_1,GTCATGCCAGTAGCCT-1_2,0.0105503586932049
GGTCGGTTCGGGATTT-1_1,GTACCGGGTTCACCCA-1_2,0.0199563849614968
GGTCTTGAGGCACAGG-1_1,TAGGTTATCAGGCCTA-1_2,0.0667091861168731
GGTGAGCCAGGTTATT-1_1,TTACCGTGTTAATGCG-1_2,0.0682973274454511
GGTGAGGTCTCCATGC-1_1,CGCATGATCCATCAGG-1_2,0.0113877120623876
GGTGCTTCAGATAGAC-1_1,AATGCATGTAGGATCC-1_2,0.0542893158338403
GGTGTCCAGCGTGCGT-1_1,TCGTGCTTCAGCTAAC-1_2,0.135564996755345
GGTGTCCAGGAACCGG-1_1,CTAGGACGTAGCTGGT-1_2,0.0667397836271223
GGTTGACGTACTGATG-1_1,TTTCCGGGTGAGCAAG-1_2,0.0512792502254373
GGTTGGTGTTGTAACG-1_1,CAGGACCTCCTGAGTG-1_2,0.016046824026101
GGTTTAATCGTCAAGT-1_1,ATATGTCCACAAAGAC-1_2,0.0194819531521321
GTAAAGCCAGTGAACG-1_1,AATGCATGTTCGGGAT-1_2,0.0277447920131554
GTAAGGTCAATGCGCT-1_1,TGTGGAGCAATGAAGC-1_2,0.0498277410575428
GTAATAGCAATAACGA-1_1,GGTTGGTGTTGTAACG-1_2,0.0104306127753769
GTACCGGGTTCACCCA-1_1,TACTGAGGTGAGCGAA-1_2,0.0159076413069721
GTACGTAGTAACCAGC-1_1,TGGCCATCATGTTTGG-1_2,0.0256486802969927
GTACTAATCAGGATGA-1_1,TTTCATCAGCGATACT-1_2,0.0715095080742764
GTACTTAAGTGAGGGT-1_1,CAAGGGAGTGGTTCCC-1_2,0.0764620101418916
GTACTTCGTCATGCCC-1_1,ATTCCTCCATTCCTGT-1_2,0.110418935022143
GTAGCTGTCAGGCCTA-1_1,CATGCATAGCTTCCCG-1_2,0.036772457468933
GTATGTGGTCATAACG-1_1,GTATTGATCCCATAAA-1_2,0.032515466952885
GTATGTTCAATCCTAG-1_1,CAGGCTATCTTACTCG-1_2,0.0185864893662088
GTATTGATCCCATAAA-1_1,TAGCCGGGTTTAGCGA-1_2,0.0166938190083111
GTCAATATCACAGACT-1_1,TTTAACGAGCGCTCAA-1_2,0.0363564515226679
GTCAATATCCCATAAA-1_1,TCAAACCAGAACCTAC-1_2,0.0316242680670298
GTCAATATCTAATTGG-1_1,GGCTATTAGGGACTAA-1_2,0.00683691424730295
GTCAGGCTCCCAGTAG-1_1,TCAAGTATCTATTGTC-1_2,0.120632519327428
GTCATCACATAAACCT-1_1,TAACCTAAGAGGAGTC-1_2,0.0239013660933134
GTCATCCTCCTGATTT-1_1,AACATCATCAGCATTA-1_2,0.084753856813822
GTCATGCCACTAGCGT-1_1,AGCTTGGTCGACCTGA-1_2,0.138683508674138
GTCATGCCAGTAGCCT-1_1,TTGCATTTCTGTAATG-1_2,0.0314268667759819
GTCCTCCCAAGGAATC-1_1,TATGTGATCACATTGA-1_2,0.0223417268626993
GTCCTCCCAGTTTACG-1_1,CTTTAGGCATGAGTTT-1_2,0.0262018450797093
GTCGGTTCATCTTGAG-1_1,GAGGAGGCAGAGGCTA-1_2,0.0649643861533254
GTCTAATCAATTGACT-1_1,TGGACGGAGACAAGTG-1_2,0.0877675086468959
GTCTAGCCAAAGCGGC-1_1,TCACGGATCGGCTATG-1_2,0.115579789795532
GTCTATCGTAGCCTAA-1_1,CAGCATTAGACACTTA-1_2,0.00981102191975351
GTCTTTAGTACTTCAC-1_1,ACTTGCACAGGCTTGT-1_2,0.0854773995578385
GTCTTTGTCTCCTCTT-1_1,CTAGTCGAGCTTTGGG-1_2,0.147686602971375
GTGATGAAGACCATAC-1_1,AATCATCCATTAAGCT-1_2,0.0847660792822176
GTGCAAGCAGGATGGC-1_1,ACACAATGTTGAAGCC-1_2,0.0675145159829838
GTGCACGGTATTGAGT-1_1,TCAAGTATCTATTGTC-1_2,0.0553145839290502
GTGCCTTTCACAGACT-1_1,AAAGGTTAGGCGAAAC-1_2,0.0892912797732807
GTGCGCAGTGACATAT-1_1,ATTGTCCGTGTGCAAC-1_2,0.0329403021962574
GTGCTCAAGAGGAAGG-1_1,CGCATATAGGTCTTGG-1_2,0.0619109514813517
GTGCTGATCTAAGTCA-1_1,GGTCGGTTCGGGATTT-1_2,0.0260867604984208
GTGCTGGGTATTGTCC-1_1,ACTGAAACAACTAGCC-1_2,0.0651213976297828
GTGTAACTCAATGACC-1_1,TCAAGTATCTATTGTC-1_2,0.0925933449206149
GTGTAACTCCACCCTG-1_1,TCGTTATTCGGTTTGG-1_2,0.0498387054127258
GTGTAACTCGGCTAGC-1_1,TTGATGTCATCCAGGT-1_2,0.0248611010581256
GTGTCCAAGTCATTTC-1_1,CAGGACCTCCTGAGTG-1_2,0.119751705662695
GTGTGCGGTACCGGAT-1_1,TCACGGATCGGCTATG-1_2,0.0794754855319339
GTGTGCGGTCGCGCAA-1_1,CTTTCTTGTAGTTAAC-1_2,0.0387027353762254
GTTAACGGTGAGGTGA-1_1,TTGCAACAGGGCCACT-1_2,0.0285260070953503
GTTAAGCTCGTTATAG-1_1,CTATTACTCCTCCATA-1_2,0.0174214290036582
GTTAAGTGTCACTCGC-1_1,CTGGATGTCTCCTCTT-1_2,0.00862806387719845
GTTAATGTCCTAGTTT-1_1,AGATGAAGTTTAACCC-1_2,0.13288189338728
GTTACAGGTGTTGTAG-1_1,GCTGGTTCATGAATCT-1_2,0.128270784919564
GTTACCTGTCTTGCAT-1_1,ACTTGCACATGAATCT-1_2,0.0239673543481747
GTTACGCCACCGGCTA-1_1,TATCGCGAGGCTGGCT-1_2,0.0328300451352314
GTTACGTAGCGAAGTA-1_1,ACATAGCTCCTAAGAC-1_2,0.0259929998840617
GTTACGTAGCTTTGTT-1_1,AGGTTGCGTGGGAACA-1_2,0.0821863821097219
GTTCATTTCAAACTCA-1_1,CAGGACCTCCTGAGTG-1_2,0.108579713120796
GTTCGCGCATACTCCT-1_1,ACATAGCTCCTAAGAC-1_2,0.0128077702479518
GTTCGCTTCACGCATG-1_1,GGGAATATCAAACCTA-1_2,0.0101414859469212
GTTCTCATCCATAAGC-1_1,GATCCGTCAGGCTAGA-1_2,0.00454559038996541
GTTGCCCGTGTGCAAC-1_1,TGTGTTAAGGCTGTGC-1_2,0.0694497777215965
GTTGCCCGTTACAAAC-1_1,TCTGTGACATAGTCAT-1_2,0.0279780387732814
GTTGCCCGTTTCCTCC-1_1,CAACCCGCATATAACC-1_2,0.0108672339543238
GTTGGCGGTTCATCTA-1_1,ATACCGGTCCTCAGCT-1_2,0.0442984685308023
GTTTCTAGTCATGAGC-1_1,GGGAATATCTTAATGG-1_2,0.0323886957582626
GTTTCTAGTGTGAGAG-1_1,CGCTCCATCGATATTG-1_2,0.0201443887729227
GTTTCTAGTTGAAGCC-1_1,TACCTGCTCATTATGG-1_2,0.00759426846745991
GTTTGTCGTATGGTGC-1_1,CTGAATATCAAGCTTA-1_2,0.1826146396532
GTTTGTCGTGATGAGG-1_1,ACTTGCACATGAATCT-1_2,0.0637758045705969
TAAACAGCACTTCACT-1_1,TTTGTCTAGACAACAG-1_2,0.104345242224793
TAACCGGTCTAACTGA-1_1,AGCTTGGTCGACCTGA-1_2,0.11584477414822
TAACCTAAGAGGAGTC-1_1,CAGGACCTCCTGAGTG-1_2,0.0655674456775073
TAAGGACCAACTAGAA-1_1,CGTAGCGGTGCTAGAC-1_2,0.00207689302944772
TAATGCATCAATTACG-1_1,TTGTGCCTCAGGAAGC-1_2,0.0288054512022048
TAATGGTGTATGGTGC-1_1,ACTCGCGCACTGACTA-1_2,0.0773085383486124
TAATTGCCAAGGTCCT-1_1,CATGCGGGTGGGAACA-1_2,0.00934177541242599
TACAACATCATTGCAA-1_1,TAGTAGGAGGCTACAT-1_2,0.0243530476145402
TACAATGTCTTGTTCG-1_1,CAGGACCTCCTGAGTG-1_2,0.0505236153969606
TACATCAAGGAACGGT-1_1,ACCTTGTGTGTTTCAC-1_2,0.0204531778477503
TACCTGCTCATTATGG-1_1,GTTCATTTCAAACTCA-1_2,0.028486989749826
TACGCTTGTGGCTTCC-1_1,TCGTGCTTCAGCTAAC-1_2,0.103421410448807
TACTGAGGTGAGCGAA-1_1,CCAAGTTAGACAGGCG-1_2,0.0421323641749384
TACTGGCCATCGCTTT-1_1,AGATGAAGTTTAACCC-1_2,0.321198168474509
TAGACCAGTACCTTAC-1_1,CCTTCAGGTGTTTGTC-1_2,0.0581025114646474
TAGACCAGTTTCCTCC-1_1,CTGTACCTCGGGACTC-1_2,0.030671768702062
TAGCATATCTCACACC-1_1,TTAAGTGTCAGGCCTA-1_2,0.09180587890709
TAGCCGGGTGATTACG-1_1,AGCCAGTGTTTAGCGA-1_2,0.0902878964382879
TAGCCGGGTTTAGCGA-1_1,CGCATATAGGTCTTGG-1_2,0.0493081292226938
TAGCGGCTCAATTACG-1_1,TCTCCTCGTTAATCGG-1_2,0.0113371951869908
TAGCGGCTCATGCGTG-1_1,TTGAGCTAGCGCATTG-1_2,0.0144167560558998
TAGCTTAAGAACAAGT-1_1,AGTAGCTTCAGGTCCA-1_2,0.0397827823335163
TAGCTTGCAATTAGGA-1_1,GTGTCCAAGTCATTTC-1_2,0.0169196549955391
TAGGAACCAATATAGG-1_1,GCACTTACAGCAGGTA-1_2,0.0117760584020193
TAGGAACCAGCATGTC-1_1,CGCTCCATCGATATTG-1_2,0.025634542412888
TAGGCTTAGGGTGAGT-1_1,GGTGAGTAGGCGTAAA-1_2,0.0332459385115007
TAGGTTATCAGGCCTA-1_1,TTTCCACCAGCAAGTG-1_2,0.0601831806272213
TAGTACGGTACCAGGT-1_1,GAAGGCTAGTTAGAGG-1_2,0.0562363221585242
TAGTACGGTAGCTAGC-1_1,GACTAATGTTTATCTG-1_2,0.0369819979265901
TAGTAGGAGGCTACAT-1_1,GATGCATTCAAGCCTG-1_2,0.014548754194707
TAGTGAGAGTAAGTCC-1_1,TGAGTGAAGACAGGCG-1_2,0.00763448792922278
TATAGGTGTCTAACAG-1_1,AATTTGCCAAGTTATC-1_2,0.0286266761061401
TATCGCACAGCACGTT-1_1,CGTGCTTTCCAGGAAA-1_2,0.111820892556401
TATCGCGAGGCTGGCT-1_1,ACATAGCTCCTAAGAC-1_2,0.0146637743925241
TATGGATGTTGTTCAC-1_1,CGCTCCATCTAAGGTC-1_2,0.0490044157251456
TATGGCCCATAAGTTC-1_1,ACGCCACAGTAGCTTA-1_2,0.0448028997442294
TATGGCCCATGCTTAG-1_1,ATTAACCCAACCTGGT-1_2,0.0230262016343985
TATGGGCGTATTGCAG-1_1,AGCTGCTCACAGCCTG-1_2,0.0693756859708368
TATGGTCAGCTCATAA-1_1,GGGTTATTCTTTAGGA-1_2,0.0172332538183305
TATGTGATCACATTGA-1_1,TGCACACCAGAGGCTA-1_2,0.09956205884418
TATTAGCCACCAACCG-1_1,GGACAGCCATACTCCT-1_2,0.116659257795853
TATTAGGTCGATAACC-1_1,ATTAACCCAACCTGGT-1_2,0.0130514119440466
TATTTGCTCAGCTAAC-1_1,ATTGTGATCGTTACTT-1_2,0.0351165960321076
TCAAACCAGAACCTAC-1_1,TGCGGTTCAGGAATCG-1_2,0.0137583982852989
TCAAGAACAGGCTAAG-1_1,TCGTTATTCGGTTTGG-1_2,0.0246363505505525
TCAAGTATCTATTGTC-1_1,CGTAGCGGTCAGGCAT-1_2,0.0386375224958487
TCACCTCAGCACAGCC-1_1,CAGGACCTCCTGAGTG-1_2,0.103888411736642
TCACCTCAGGAGGTTA-1_1,AGGCTAGCAAACTAAG-1_2,0.0182740798066075
TCACCTGGTCATAAGT-1_1,TGGTCCTTCGATAACC-1_2,0.0131091387136107
TCACGGATCGGCTATG-1_1,ATTGTCCGTGTGCAAC-1_2,0.0707059982936065
TCAGCGATCGCTAAGT-1_1,AGGTATTGTTAGTTGG-1_2,0.0106243137571498
TCAGTAGGTGAGCACT-1_1,TCCGGAATCTTGACCC-1_2,0.019661869222221
TCAGTAGGTGTTTGTC-1_1,TTTGCATTCTACTAAG-1_2,0.131722076553114
TCATTACTCCAAATCA-1_1,TCCCGTTAGGACAATG-1_2,0.0223443027833069
TCATTACTCCCTCACG-1_1,TCGTGCTTCAGCTAAC-1_2,0.152515884266304
TCCAGCAAGCAAGACA-1_1,GGCGATACATAATCCG-1_2,0.00488503474836093
TCCAGGTCAGGATTAA-1_1,TATCGCACAGCACGTT-1_2,0.0749604114819857
TCCATGCTCATTTAGG-1_1,TGAGTGAAGACAGGCG-1_2,0.0219300920973793
TCCATGCTCCGCCAAA-1_1,GAACTTATCAAGACTC-1_2,0.0288202651001412
TCCCGTTAGGACAATG-1_1,ATGTCCACAGCAGGTA-1_2,0.0057022668059404
TCCCGTTAGTAAGTGG-1_1,CCTGAATAGCCGCAAC-1_2,0.00807086254515387
TCCCTGGTCCAAGTGT-1_1,AACCGGCTCAGGCCTA-1_2,0.0922230676515973
TCCGCCATCATGCCTC-1_1,CACTAAGGTGAAACAA-1_2,0.0219027264475
TCCGGAATCTTGACCC-1_1,AATCATCCAAACTAAG-1_2,0.0111389928303533
TCCTGTTCAGGATAAC-1_1,AGCCAGTGTTTAGCGA-1_2,0.0753198996719263
TCGACAAGTAGTTAAC-1_1,CGAAGCCTCTTAGCCC-1_2,0.0280734443879685
TCGCGAGGTAAATTGC-1_1,CGCCTCATCGCATTAA-1_2,0.0410778421086282
TCGCGAGGTCAATAGT-1_1,CTGAATATCAAGCTTA-1_2,0.0901401154579915
TCGGTTCTCCCGTTTA-1_1,GATAAGCCACCTAAGC-1_2,0.041383513715455
TCGGTTTGTATGGTGC-1_1,ATCATCAAGTAACGAG-1_2,0.0215603620456251
TCGTGCTTCAGCTAAC-1_1,TCGTGCTTCAGCTAAC-1_2,0.32569478580821
TCGTTATTCGGTTTGG-1_1,GCCAATTAGGTCCTGA-1_2,0.0345518821442094
TCTACCTCAATGAATG-1_1,ATGACAACAATTGACT-1_2,0.0308860231338164
TCTACTAGTTGGCCGA-1_1,GAGGAGGCAGAGGCTA-1_2,0.0370328848900801
TCTCACCAGGTGAGAC-1_1,TTTCCACCAGCAAGTG-1_2,0.0705634109792067
TCTCCTCGTTAATCGG-1_1,GATTATGTCATTAGGC-1_2,0.0051375602585438
TCTCGCCCACTATGGC-1_1,ATATGTCCACAAAGAC-1_2,0.0709548579770216
TCTGTGACATAGCGGA-1_1,CTCACACTCTTGGATA-1_2,0.0319343280084017
TCTGTGACATAGTCAT-1_1,AGTGCACGTTGCACAA-1_2,0.00918845076089173
TCTGTGACATTGTCAG-1_1,TAGCGGCTCAATTACG-1_2,0.0153885953323333
TCTTAGCGTCACCTAT-1_1,GAAGTCAAGCACTTGG-1_2,0.0360984040110532
TCTTCAAGTCAAGTGC-1_1,TTAACTGAGCAGCTCA-1_2,0.0300560344120631
TCTTGACGTTGTCATC-1_1,TTTCCACCAGCAAGTG-1_2,0.0381857684185806
TGAACAACAGGCTTGT-1_1,CGCGGATTCAATACGC-1_2,0.0199761263789987
TGAACAACAGGTTATT-1_1,CTATGACAGGATTGAG-1_2,0.200354099077953
TGACTTAAGACTCGCA-1_1,AAGCCTTAGGCCTTAG-1_2,0.0399595777768346
TGAGCCGGTTCGCGCT-1_1,TCAGTAGGTGTTTGTC-1_2,0.0184646486876849
TGAGGAGGTGGGTACT-1_1,TTGTAAGTCAGTTCCC-1_2,0.292775134106863
TGAGGCACAGCAGGTA-1_1,ATATGCTCAATGAAGC-1_2,0.0209210998635172
TGAGTGAAGACAGGCG-1_1,GTTACGTAGCGAAGTA-1_2,0.0644069765656537
TGATCAATCCTCCCTC-1_1,GCCAATTAGGTCCTGA-1_2,0.134655674689444
TGATCGAGTATTCGTC-1_1,CTTACTAGTATACTGG-1_2,0.0684501396848797
TGATTAGTCCCGCAAA-1_1,ACATTGCAGACAGGTA-1_2,0.0298628906355475
TGATTCAAGGCTAGAA-1_1,GAAGGCTAGTTAGAGG-1_2,0.0562192747892978
TGCAAGCGTATTGGTG-1_1,AGGATGCAGAACCTGT-1_2,0.0175644860840539
TGCAATATCAGGGCCT-1_1,GGTTTAATCGTCAAGT-1_2,0.0244613574110067
TGCACACCAGAGGCTA-1_1,CGAAGCCTCTTAGCCC-1_2,0.0180842769650729
TGCACTTGTGAGGTAG-1_1,ACTCCTCAGGCGGGTA-1_2,0.050771156057059
TGCACTTGTTTACGTC-1_1,TAGGTTATCAGGCCTA-1_2,0.0433038871159785
TGCATGAGTAGGTTGC-1_1,TTCGGTACATAAGCAA-1_2,0.0137734936886652
TGCATGAGTGCGCATG-1_1,CAGGAAGGTTGCACAA-1_2,0.0208999206134316
TGCATGAGTTGCACGG-1_1,ATGACTCAGGCCTGGT-1_2,0.0178541247925348
TGCATTAAGGTCTTGG-1_1,TAGCGGCTCATGCGTG-1_2,0.00709206567560693
TGCGGTTCAGGAATCG-1_1,TTAACTGAGACAAAGT-1_2,0.0198976470186663
TGCTATGCATCGCTTT-1_1,CTCCATCAGAGAGGCT-1_2,0.0397791697098403
TGCTCACTCAATTACG-1_1,GGTGAGTAGGCGTAAA-1_2,0.0201198856387275
TGCTTCCAGACAACAG-1_1,ATTGTCCGTGTGCAAC-1_2,0.0160582779138908
TGCTTGCTCATGAGCT-1_1,AATCTTGAGCTCGCTT-1_2,0.0237672948773866
TGGACGGAGACAAGTG-1_1,CATCCTCAGGAGCAAC-1_2,0.0447511115694812
TGGACGGAGGCCGGAA-1_1,CCGCACACATGAGTTT-1_2,0.0476025308979238
TGGATTCAGGACAATG-1_1,CGCATTACATGTGGGA-1_2,0.0311361483133645
TGGCCATCATGTTTGG-1_1,GGGTCACTCCTAAATG-1_2,0.0470011748505896
TGGCCTTTCTTGCAAA-1_1,GTGCAAGCAGGATGGC-1_2,0.0462610818458664
TGGCTTTGTTGCAATG-1_1,CCAAGTTAGACAGGCG-1_2,0.00793661523342961
TGGTCCTTCCTAGTCC-1_1,CTGGATGTCACGCCAA-1_2,0.0256062970790938
TGGTCCTTCGATAACC-1_1,ATCCTGACAATGCCTA-1_2,0.00260952033354344
TGGTGATTCATGGTGT-1_1,CCGATGCAGCGATAGA-1_2,0.042615750448574
TGGTTAATCTCGCCCA-1_1,TACTGAGGTGAGCGAA-1_2,0.0327659412110256
TGGTTCTGTCACCAAA-1_1,TTGTGAGGTGAAGCCT-1_2,0.0355716335223394
TGGTTCTGTGAATCGC-1_1,TTTCCGGGTGAGCAAG-1_2,0.0731780240172743
TGTAACTCACTTGTTC-1_1,AGCAGGTAGTCACTAA-1_2,0.193978344344326
TGTAACTCATGTGGGA-1_1,ACTCGCGCACTGACTA-1_2,0.0549959374622744
TGTCATAAGCCGCAGT-1_1,CAGGACCTCCTGAGTG-1_2,0.181874329569673
TGTGGAGCAATGAAGC-1_1,AGCAGGTAGTCACTAA-1_2,0.102739784739956
TGTGTGAGTAGCTAAT-1_1,TTTCCACCAGCAAGTG-1_2,0.0407547872209603
TGTGTTAAGGCTGTGC-1_1,TTTAAGCCATGTCAAT-1_2,0.0304216653088032
TGTTACTTCGCCTAAG-1_1,TACGCTTGTGGCTTCC-1_2,0.03937020763453
TGTTCCTCACAAACTT-1_1,TCAGTAGGTGTTTGTC-1_2,0.0838067170594991
TGTTCCTCAGAGAGCC-1_1,ATCACAATCGCTATAA-1_2,0.014031612838457
TGTTCCTCATACTCCT-1_1,AAAGGTTAGGCGAAAC-1_2,0.00751782519542538
TGTTGTTTCCGTCCAT-1_1,CCATAGCCAAACTGTT-1_2,0.022455774945403
TGTTGTTTCTAGCGTG-1_1,ATTGTCCGTGTGCAAC-1_2,0.0424376679535648
TTAAAGGCACGTAATT-1_1,ATCCTCATCCCTGATC-1_2,0.0176557280820511
TTAAAGGCATTGTCAG-1_1,GCGAAGCCAGGCTAGA-1_2,0.0911896912157394
TTAACTGAGACAAAGT-1_1,CTAAAGCTCGTCAAGT-1_2,0.0292948979614947
TTAACTGAGCAGCTCA-1_1,TGTGTTAAGGCTGTGC-1_2,0.0150063697735765
TTAACTGAGTGAGAGC-1_1,GTGTGCGGTACCGGAT-1_2,0.0493528165193577
TTAAGTGTCAGGCCTA-1_1,AGCCAGTGTTTAGCGA-1_2,0.105574535411253
TTACCGTGTTAATGCG-1_1,TTAAGTGTCAGGCCTA-1_2,0.0698568439478728
TTACCGTGTTGCACAA-1_1,CCATAAATCTGTGAGT-1_2,0.0297800379493556
TTACCTGTCCGTGACA-1_1,TCTGTGACATAGCGGA-1_2,0.0580560619823681
TTAGAAGCAGGATGGC-1_1,GTGCGCAGTGACATAT-1_2,0.00860976692206307
TTAGTCAAGGCATTGT-1_1,CTAGTCGAGCTTTGGG-1_2,0.152728285509045
TTATCCGTCTCCTCAA-1_1,TCTGTGACATAGCGGA-1_2,0.040559796978068
TTATGCGCATGCTCCC-1_1,ACTCACCTCAAGTGAG-1_2,0.0280802792780111
TTATTGCTCTAAGTCA-1_1,CCAAGTTAGACAGGCG-1_2,0.0377055202264271
TTCACTGTCCACCTGT-1_1,CTTGTCCAGTAGCCAT-1_2,0.0861066438913932
TTCAGGTAGCTTGCTC-1_1,ATTAGCGGTGTCCAGG-1_2,0.0247123185058072
TTCAGGTAGTGAGGGT-1_1,AGCTTGGTCGACCTGA-1_2,0.170915327073011
TTCATTCAGGCATTGT-1_1,ACATAGCTCCTAAGAC-1_2,0.0293420830875747
TTCCACGGTTAGCGTA-1_1,ACTCGCTTCTATCGCC-1_2,0.0327471832310351
TTCCCACAGTGTGATC-1_1,GTGTAACTCCACCCTG-1_2,0.0299283042213747
TTCGGTACATAAGCAA-1_1,GGGTGAAGTGTTGTGA-1_2,0.0193480873605182
TTCGTTAGTGGGAACA-1_1,TAGGCTTAGGGTGAGT-1_2,0.0335978843966979
TTCTTAGGTCTTTGAC-1_1,TGCATTAAGGTCTTGG-1_2,0.0252503850083625
TTGAGCTAGCGCATTG-1_1,CGTGCTGCAGTTAAAG-1_2,0.144318683076225
TTGAGCTAGGAAGCAC-1_1,CCTCAAACACTGACTA-1_2,0.0821919101647837
TTGATGTCACTATGGC-1_1,GGCCTAATCATCCTCA-1_2,0.0647062911551693
TTGATGTCATCCAGGT-1_1,GCGAAGCCAGGCTAGA-1_2,0.14722958189295
TTGCAACAGGGCCACT-1_1,GTCTTTAGTACTTCAC-1_2,0.0348518429452709
TTGCAAGGTGGGAACA-1_1,CCGCAAATCCCATAGG-1_2,0.048480425902447
TTGCACACATGAAATG-1_1,TTCAGGTAGCTTGCTC-1_2,0.132502265906441
TTGCACACATTTAAGC-1_1,CAGGACCTCCTGAGTG-1_2,0.17261199903869
TTGCATTTCTGTAATG-1_1,ATCATCAAGACTTACA-1_2,0.0847042000394921
TTGCGAGTCCGGTTAG-1_1,ATCGAGGCATTTAAGC-1_2,0.023808092282811
TTGCGAGTCGTCAAGT-1_1,ACACTAGGTCCACAAA-1_2,0.0207312497717969
TTGCGTCTCCTGCGAA-1_1,CTAGGACGTAGCTGGT-1_2,0.101878961242249
TTGCTTTAGGCGGGTA-1_1,TTGTAAGTCAGTTCCC-1_2,0.0537308956642599
TTGGAGGCATCCCGCT-1_1,TCACGGATCGGCTATG-1_2,0.0520540093609218
TTGGCTACAATCGCAC-1_1,ACACTTGCAGGCTAAG-1_2,0.0767144857588637
TTGTAAGTCAGTTCCC-1_1,ACACTTGCAGGCTAAG-1_2,0.366150183353839
TTGTCCCAGGATTTGC-1_1,AAGCCACGTTTCAGGA-1_2,0.0221750672972534
TTGTGAGGTGAAGCCT-1_1,TTAAAGGCACGTAATT-1_2,0.0283169277922282
TTGTGAGGTGGATGTC-1_1,GAGTTTGGTTTGAGGC-1_2,0.0303372152951087
TTGTGCCTCAGGAAGC-1_1,CAGGACCTCCTGAGTG-1_2,0.00280408775512634
TTGTGTGCAGTTTGGC-1_1,AGGCCCAGTACCCACC-1_2,0.0207119223617378
TTGTTCCCAGCTCATA-1_1,AGCTTGGTCGACCTGA-1_2,0.261860304750843
TTGTTGTTCATTTGTC-1_1,ATTGACTCACGTAAGG-1_2,0.026412787278015
TTTAACGAGCGCTCAA-1_1,CGGTAACGTCATTGTC-1_2,0.0271281166787142
TTTAAGCCATGTCAAT-1_1,ATTGTCCGTGTGCAAC-1_2,0.0220907701177588
TTTAAGGTCCCTGGAA-1_1,TTAAAGGCACGTAATT-1_2,0.01460405870432
TTTACGAAGTGAACGA-1_1,GTTACCTGTCTTGCAT-1_2,0.0308450114368195
TTTACGCGTCCTTCAG-1_1,TGTGGAGCAATGAAGC-1_2,0.0459596832655013
TTTCAGTTCGATCAGT-1_1,GATCAAGAGCTCCTAC-1_2,0.0484662544958905
TTTCAGTTCGCTATAA-1_1,ATACCGGTCCTCAGCT-1_2,0.0237673422036083
TTTCATCAGCGATACT-1_1,GCGAAGCCAGGCTAGA-1_2,0.078086034178409
TTTCCACCAATAACCT-1_1,CAATCCCTCATGACCG-1_2,0.131851260831775
TTTCCACCAGCAAGTG-1_1,GAGTTTGGTGAGAAAC-1_2,0.0521332910361099
TTTCCGGGTGAGCAAG-1_1,ACTCACCTCAAGTGAG-1_2,0.0161306489318252
TTTCCGGGTGGGTGAA-1_1,ATGGCCGGTAACAGGG-1_2,0.0372995031107334
TTTCCTGAGTAACTCA-1_1,AAGCCTGTCTTAGCCC-1_2,0.0140676331374716
TTTCTCACAGGTTTGC-1_1,GTATTGATCCCATAAA-1_2,0.00750026412403533
TTTGCATTCTACTAAG-1_1,GGCCTAATCATCCTCA-1_2,0.0862870209111009
TTTGCGGAGGTATTGC-1_1,GTACCGGGTTCACCCA-1_2,0.0424507369042962
TTTGGTAAGTCATGCG-1_1,GGACTAAAGGAACACA-1_2,0.0408004020029124
TTTGTCTAGACAACAG-1_1,TCGTGCTTCAGCTAAC-1_2,0.306776200530459
TTTGTGTTCGATAACC-1_1,AGCAGGTAGTCACTAA-1_2,0.0439989607364416
